PersonId,LastName,UsedFirstName,SchoolNameLongEn,SchoolCityEn,FieldOfStudyEn,DiplomaLongEn,DiplomaShortEn,GraduationYear
18421,Aboultaif,Ziad,Unknown,,International Trade,,,
20329,Al Zaibak,Mohammad Khair,Harvard Business School,Boston,,,,
20329,Al Zaibak,Mohammad Khair,Alexandria University,Alexandria,Telecommunications and Electro-Physics Engineering,Bachelor,B.A.,
17852,Albas,Dan,Okanagan University College,,Unknown,Unknown,,
18432,Aldag,John,University of Victoria,Victoria,Management,Diploma,,
18432,Aldag,John,Royal Roads University,Victoria,Business Administration,Master,M.A.,
18432,Aldag,John,Unknown,,Business,Bachelor,B.A,
8947,Alghabra,Omar,Ryerson University,Toronto,Mechanical Engineering,Degree,,1994.0
8947,Alghabra,Omar,York University,Toronto,Business Administration,Master,M.A.,2000.0
18479,Alleslev,Leona,Royal Military College of Canada,,History and Political Science,Bachelor,B.A,1991.0
7873,Allison,Dean,Wilfrid Laurier University,,Economics,Bachelor,B.A,
18585,Amos,William,McMaster University,Hamilton,Arts and Sciences,Bachelor,B.A,
18585,Amos,William,McGill University,Montreal,Civil Law,Diploma,,
18585,Amos,William,University of British Columbia,,Political Science,Master,M.A.,
18585,Amos,William,McGill University,Montreal,Common Law,Diploma,,
20135,Anand,Anita,Queen's University,Kingston,Political Studies,Bachelor,B.A,1989.0
20135,Anand,Anita,University of Oxford,Oxford,Jurisprudence,Bachelor (Juris),B.A. (Juris),1991.0
20135,Anand,Anita,Dalhousie University,Halifax,Laws,Bachelor,LL.B.,1992.0
20135,Anand,Anita,University of Toronto,Toronto,Laws,Master,LL.M.,1996.0
18538,Anandasangaree,Gary,Carleton University,Ottawa,Arts,Bachelor,B.A,
18538,Anandasangaree,Gary,Osgoode Hall Law School,,Laws,Diploma,,
20052,Anderson,Dawn,,,Indigenous Governance,Master,M.A.,
20205,Arnot,David,University of Saskatchewan,Saskatoon,Laws,Doctorate,Ph.D.,
18461,Arseneault,René,Moncton University,Moncton,Social Science,Bachelor,B.A,
18461,Arseneault,René,Moncton University,Moncton,Laws,Bachelor,B.A,
18518,Arya,Chandra,Bangalore University,Bengaluru,Mechanical Engineering,Bachelor,B.A,
18518,Arya,Chandra,Karnatak University,Dharwad,Business Administration,Master,M.A.,
17260,Ashton,Niki,University of Manchester,Manchester,Political Economy,Bachelor,B.A,
17260,Ashton,Niki,Carleton University,Ottawa,International Relations,Master,M.A.,
17793,Ataullahjan,Salma,Peshawar University,Peshawar,Arts,Unknown,,
20109,Atwin,Jenica,University of New Brunswick,Fredericton,Arts,Bachelor,B.A,2009.0
20109,Atwin,Jenica,University of New Brunswick,Fredericton,Education,Master,M.Ed.,2015.0
20314,Aucoin,Réjean,University of Moncton,Moncton,Social Work,Bachelor,,1977.0
20314,Aucoin,Réjean,University of Moncton,Moncton,Laws,Bachelor,LL.B.,1991.0
20206,Audette,Michèle,Montreal University,Montreal,,Honorary doctorate,,
20206,Audette,Michèle,University of Quebec at Montréal,Montreal,Visual arts,,,
20206,Audette,Michèle,Concordia University,Montreal,Art education,,,
7528,Bagnell,Larry,University of Toronto,Toronto,Arts,Bachelor,B.A,
7528,Bagnell,Larry,University of Toronto,Toronto,Science,Bachelor,B.A,
14061,Bains,Navdeep Singh,University of Windsor,Windsor,Business Administration,Master,M.A.,
14061,Bains,Navdeep Singh,York University,Toronto,Administrative Studies,Bachelor,B.A,
20253,Bains,Parm,Royal Roads University,Victoria,Professiona Communication,Master,M.A.,
20108,Baker,Yvan,York University,Toronto,Administration,Bachelor,,
20108,Baker,Yvan,Dartmouth College,Hanover,Administration,Master,M.B.A.,
20132,Baldinelli,Tony,McMaster University,Hamilton,Political Science,Bachelor,B.A,1988.0
20132,Baldinelli,Tony,Humber College,Toronto,Public Relations,Certificate,,1995.0
18278,Barlow,John,Southern Alberta Institute of Technology,Calgary,Journalism,Diploma,,1993.0
18278,Barlow,John,University of Regina,Regina,Political Science,Unknown,,
18278,Barlow,John,University of Saskatchewan,Saskatoon,,,,
20051,Barrett,Michael,Algonquin College,Ottawa,Scriptwriting,Certificate,,2005.0
18583,Barsalou-Duval,Xavier,University of Quebec at Trois-Rivières,Trois-Rivières,Accounting,Bachelor,B.A,2010.0
18583,Barsalou-Duval,Xavier,University of Quebec at Trois-Rivières,Trois-Rivières,Business Administration,Master,M.A.,2012.0
18583,Barsalou-Duval,Xavier,Montreal University,Montreal,Constitutional law,Unknown,,2014.0
18134,Batters,Denise,University of Regina,Regina,Arts,Bachelor,B.A,1991.0
18134,Batters,Denise,University of Saskatchewan,Saskatoon,Laws,Bachelor,B.A,1994.0
20157,Battiste,Jaime,Dalhousie University,Halifax,,,,2004.0
18568,Beaulieu,Mario,Unknown,,Psychology,Unknown,,
18430,Beech,Terry,Simon Fraser University,,Business,Degree,,
18430,Beech,Terry,Capilano University,,Unknown,Unknown,,
18430,Beech,Terry,University of Oxford,Oxford,Business Administration,Master,M.A.,
18093,Bellemare,Diane,University of Western Ontario,London,Economics,Master,M.A.,
18093,Bellemare,Diane,McGill University,Montreal,Economics,Doctorate,Dr,
18093,Bellemare,Diane,Montreal University,Montreal,Economics,Bachelor,B.A,
10038,Bennett,Carolyn,University of Toronto,Toronto,Medicine,Diploma,M.D.,1974.0
10038,Bennett,Carolyn,University of Toronto,Toronto,Family Medicine,Certificate,,1976.0
17262,Bergen,Candice,High School,,General,Unknown,,
14226,Bergeron,Stéphane,University of Quebec at Montréal,Montreal,Political Science,Bachelor,B.A,1987.0
14226,Bergeron,Stéphane,Laval University,Québec,Political Science,Master,M.A.,1989.0
18707,Bernard,Wanda Thomas,Dalhousie University,Halifax,Social Work,Master,M.A.,
18707,Bernard,Wanda Thomas,Mount Saint Vincent University,Halifax,Arts,Bachelor,B.A,
18707,Bernard,Wanda Thomas,Sheffield University,,Philosophy,Doctorate,Dr,
20090,Bessette,Lyne,Massey-Vanier,Cowansville,,Diploma,,
20090,Bessette,Lyne,Cégep de Sherbrooke,Sherbrooke,Science,Diploma,,
3308,Bezan,James,Olds College,Olds,Agriculture,Diploma,,1985.0
18561,Bibeau,Marie-Claude,Sherbrooke University,Sherbrooke,Economics,Bachelor,B.A,
18561,Bibeau,Marie-Claude,Sherbrooke University,Sherbrooke,Environmental Studies,Diploma,,
18539,Bittle,Chris,Queen's University,,Political Studies,Bachelor,B.A,2002.0
18539,Bittle,Chris,University of Windsor,Windsor,Laws,Bachelor,B.A,2005.0
18136,Black,Douglas,University of Alberta,,Unknown,Unknown,,
18136,Black,Douglas,Dalhousie University,Halifax,Laws,Bachelor,B.A,
20014,Black,Robert,University of Guelph,,Agriculture,Bachelor,B.Sc.,
20014,Black,Robert,Queen's University,,Education,Bachelor,B.Ed.,
18453,Blaikie,Daniel,University of Winnipeg,Winnipeg,History and Philosophy,Bachelor,B.A,2007.0
18453,Blaikie,Daniel,Concordia University,Montreal,Philosophy,Master,M.A.,2010.0
18453,Blaikie,Daniel,Collegiate studies,Winnipeg,Electricity,Diploma,,
18537,Blair,Bill,University of Toronto,Toronto,Criminology,Bachelor,B.A,
18442,Blaney,Rachel,Vancouver Island University,Nanaimo,First Nations Studies & Women's Studies,Bachelor,B.A,1998.0
7046,Blaney,Steven,University of Quebec at Rimouski,Rimouski,Business Administration,Master,M.A.,2002.0
7046,Blaney,Steven,Sherbrooke University,Sherbrooke,Applied Science,Diploma,,
17308,Block,Kelly,High School,,General,High School Diploma,,
18634,Boehm,Peter M.,Wilfrid Laurier University,Waterloo,History and English,Bachelor,B.A,1977.0
18634,Boehm,Peter M.,Carleton University,Ottawa,International Affairs,Master,M.A.,1978.0
18634,Boehm,Peter M.,University of Edinburgh,Edinburgh,History,Doctorate,Ph.D.,1983.0
18419,Boissonnault,Randy,University of Alberta,Edmonton,Arts,Bachelor,B.A,1994.0
18419,Boissonnault,Randy,University of Oxford,Oxford,Unknown,Post-graduate studies,,
17771,Boisvenu,Pierre-Hugues,Montreal University,Montreal,Education,Bachelor,B.A,1971.0
17771,Boisvenu,Pierre-Hugues,Public administration university,Québec,Public Administration,Master,M.A.,1982.0
18710,Boniface,Gwen,York University,Toronto,Arts,Bachelor,B.A,1982.0
18710,Boniface,Gwen,Osgoode Hall Law School,,Laws,Bachelor,B.A,1988.0
18597,Boudrias,Michel,University of Quebec at Montréal,Montreal,Laws,,,
17937,Boulerice,Alexandre,Montreal University,Montreal,Sociology,Bachelor,B.A,1995.0
20016,Boyer,Yvonne,University of Saskatchewan,Saskatoon,Laws,Bachelor,LL.B.,1996.0
20016,Boyer,Yvonne,University of Ottawa,Ottawa,Laws,Master,LL.M.,2002.0
20016,Boyer,Yvonne,University of Ottawa,Ottawa,Laws,Doctorate,LLD,2011.0
20016,Boyer,Yvonne,University of Regina,Regina,,Post-graduate studies,,2013.0
20016,Boyer,Yvonne,Nipissing University,North Bay,Education,Honorary doctorate,,2018.0
17338,Brazeau,Patrick,University of Ottawa,Ottawa,Civil Law,Unknown,,
17338,Brazeau,Patrick,University of Ottawa,Ottawa,Social Science,Bachelor,B.A,
20151,Brière,Élisabeth,Sherbrooke University,Sherbrooke,Laws,Bachelor,,1990.0
20151,Brière,Élisabeth,Sherbrooke University,Sherbrooke,Notarial Law,Diploma,,1991.0
20151,Brière,Élisabeth,Sherbrooke University,Sherbrooke,Business Administration,Certificate,,1994.0
20121,Brunelle-Duceppe,Alexis,Cégep de Jonquière,Jonquière,Media technology,Diploma,,2000.0
20286,Burey,Sharon,Western University,London,Biology,Bachelor,,
20286,Burey,Sharon,Dalhousie University,Halifax,Pediatrics,Degree,,
20043,Busson,Bev,University of British Columbia,Vancouver,Laws,Bachelor,LL.B.,1990.0
14725,Calkins,Blaine,University of Alberta,,Science,Bachelor,B.A,1992.0
14725,Calkins,Blaine,Lethbridge College,Lethbridge,Conservation Law Enforcement,Certificate,,1995.0
14725,Calkins,Blaine,Red Deer College,,Computer Systems Technology,Diploma,,1999.0
10987,Campbell,Larry W.,City University,Vancouver,Business Administration,Master,M.A.,
18446,Cannings,Richard,Memorial Univerisity of Newfoundland,St. John's,Zoology,Master,M.A.,
18446,Cannings,Richard,University of British Columbia,,Zoology,Bachelor,B.A,
20288,Cardozo,Andrew,York University,Toronto,Political Science,Bachelor,B.A (Dist.),
20288,Cardozo,Andrew,Carleton University,Ottawa,Public Administration,Master,M.A.,
17412,Carignan,Claude,Sherbrooke University,Sherbrooke,Laws,Bachelor,B.A,1987.0
17412,Carignan,Claude,Montreal University,Montreal,Administrative Law,Master,M.A.,1997.0
20304,Carr,Ben,Carleton University,Ottawa,Political Science and History,Bachelor,B.A,2009.0
20304,Carr,Ben,University of Winnipeg,Winnipeg,Education,Bachelor,B.Ed.,2012.0
18457,Carr,James (Jim),University of Manitoba,Winnipeg,Unknown,Unknown,,
18457,Carr,James (Jim),McGill University,Montreal,History and Political Science,Bachelor,B.A,
82,Carrie,Colin,University of Waterloo,Waterloo,Kinesiology,Honours Bachelor,Hons. BA,1985.0
82,Carrie,Colin,Canadian Memorial Chiropractic College,Toronto,Chiropractic,Doctorate,Dr,1989.0
17892,Casey,Sean,St. Francis Xavier University,Antigonish,Business Administration,Bachelor,B.A,1984.0
17892,Casey,Sean,Dalhousie University,Halifax,Laws,Bachelor,B.A,1988.0
20158,Chabot,Louise,University of Quebec at Montréal,Montreal,Legal Sciences,Bachelor (Juris),B.A. (Juris),1990.0
18546,Chagger,Bardish,University of Waterloo,Waterloo,Science,Bachelor,B.A,2004.0
20250,Chambers,Adam,University of Western Ontario,,Laws,Degree,,
20250,Chambers,Adam,University of Western Ontario,,Business,Degree,,
18595,Champagne,François-Philippe,Montreal University,Montreal,Laws,Bachelor,LL.B.,1992.0
18595,Champagne,François-Philippe,Case Western Reserve  (Cleveland),Cleveland,Laws,Master,LL.M.,
18595,Champagne,François-Philippe,The Hague Academy of International Law,Den Haag,Laws,Certificate,,
20161,Charbonneau,Louise,Montreal University,Montreal,General Administration,Certificate,,1987.0
20161,Charbonneau,Louise,Laval University,Longueuil,Consumer Sciences,Bachelor,B.A,1999.0
20247,Chatel,Sophie,Montreal University,Montreal,Laws,Bachelor,,1994.0
20247,Chatel,Sophie,Sherbrooke University,Sherbrooke,Fiscal Law,Master,,1997.0
18536,Chen,Shaun,University of Toronto,Toronto,Computer Science,Bachelor,B.Sc.,2006.0
18536,Chen,Shaun,University of Toronto,Toronto,Sociology in Education,Master,M.A.,2010.0
4584,Chong,Michael D.,University of Toronto,Toronto,Philosophy,Bachelor,B.A,
18708,Christmas,Daniel,Dalhousie University,Halifax,Laws,Honorary doctorate,,2005.0
20199,Clement,Bernadette,University of Ottawa,Ottawa,Laws,Licentiate,LL.L,1987.0
20199,Clement,Bernadette,University of Ottawa,Ottawa,Laws,Bachelor,LL.B.,1988.0
20230,Collins,Chad,University of Western Ontario,London,,,,
20230,Collins,Chad,McMaster University,Hamilton,,,,
20162,Collins,Laurel,Royal Roads University,Victoria,Peace Studies,Master,M.A.,
18429,Cooper,Michael,University of Alberta,,Arts,Bachelor,B.A,
18429,Cooper,Michael,University of Alberta,,Laws,Bachelor,B.A,
15463,Cordy,Jane,Nova Scotia Teachers's College,Truro,Teaching,Certificate,,1970.0
15463,Cordy,Jane,Mount Saint Vincent University,Halifax,Education,Bachelor,B.Ed.,1989.0
18704,Cormier,René,University of Quebec,Montreal,Music,Bachelor,Bachelor’s Degree,1982.0
18704,Cormier,René,École internationale Jacques LeCoq,Paris,Theatre and Creative Arts,Diploma,,1988.0
20182,Cotter,Brent,University of Saskatchewan,Saskatoon,Commerce,Bachelor,B.Comm.,1971.0
20182,Cotter,Brent,Dalhousie University,Halifax,Laws,Bachelor,LL.B.,1974.0
20182,Cotter,Brent,Dalhousie University,Halifax,Laws,Master,LL.M.,1977.0
20003,Coyle,Mary,Université de Besançon,,French Language,Diploma,,
20003,Coyle,Mary,University of Guelph,,Languages and Literature,Bachelor,B.A,
20003,Coyle,Mary,University of Guelph,,Rural Planning and Development,Master,M.A.,
4246,Cuzner,Rodger,St. Francis Xavier University,Antigonish,Human Kinetics,Bachelor,B.A,
18544,Dabrusin,Julie,McGill University,Montreal,Middle East Studies,Bachelor,B.A,1994.0
18544,Dabrusin,Julie,University of Toronto,Toronto,Laws,Bachelor,B.A,1997.0
20021,Dalphond,Pierre J.,Montreal University,Montreal,Laws,Degree,,1978.0
20021,Dalphond,Pierre J.,University of Oxford,Oxford,Political Science and Philosophy,Master,M.A.,1982.0
20139,Dalton,Marc,Simon Fraser University,Burnaby,French Studies,Bachelor,,
20139,Dalton,Marc,Simon Fraser University,Burnaby,Education,Master,M.Ed.,
18524,Damoff,Pam,University of Western Ontario,London,Arts,Bachelor,B.A,
20116,Dancho,Raquel,McGill University,Montreal,Political Science,Bachelor,B.A,
20020,Dasko,Donna,University of Toronto,Toronto,Philosophy,Doctorate,Ph.D,
20020,Dasko,Donna,University of Toronto,Toronto,Arts,Master,M.A.,
20020,Dasko,Donna,University of Manitoba,Winnipeg,Arts,Bachelor,B.A,
20062,Davidson,Scot,York University,Toronto,Economics,,,
17258,Davies,Don,University of Alberta,Edmonton,Political Science,Bachelor,B.A,1985.0
17258,Davies,Don,University of Alberta,Edmonton,Laws,Bachelor,B.A,1988.0
1176,Dawson,Dennis,University of Ottawa,Ottawa,Political Science,Bachelor,B.A,1984.0
1176,Dawson,Dennis,Laval University,,Business Administration,Master,M.A.,1987.0
1176,Dawson,Dennis,Laval University,,Political Science,Bachelor,B.A,
13345,Day,Joseph A.,Royal Military College of Canada,,Electrical Engineering,Bachelor,B. Eng.,1968.0
13345,Day,Joseph A.,Queen's University,,Laws,Bachelor,J.D.,1971.0
13345,Day,Joseph A.,Osgoode Hall Law School,,Laws,Master,LL.M.,1976.0
249,DeBellefeuille,Claude,University of Quebec at Montréal,Montreal,Socio-cultural Animation,Certificate,,1986.0
249,DeBellefeuille,Claude,University of Quebec at Montréal,Montreal,Social Work,Bachelor,B.A,2003.0
20015,Deacon,Marty,University of Western Ontario,,Education,Bachelor,B.Ed.,
18711,Dean,Tony,University of Hull,Kingston-upon-Hull,Sociology,Bachelor,B.A,
18711,Dean,Tony,McMaster University,Hamilton,Sociology,Master,M.A.,
18575,Deltell,Gérard,Collegiate studies,,Broadcasting,Degree,,1982.0
18575,Deltell,Gérard,Collegiate studies,,Social Science,Diploma,,1984.0
18575,Deltell,Gérard,Technical School,,Broadcasting,Unknown,,1986.0
18575,Deltell,Gérard,Laval University,,History,Unknown,,1989.0
18575,Deltell,Gérard,Technical School,,Flying,Certificate,,2005.0
20085,Desbiens,Caroline,,,Industrial Relations,Bachelor,Bachelor’s Degree,
20144,Desilets,Luc,Montreal University,Montreal,Educational Psychology,Master,M.Ed.,
20144,Desilets,Luc,Montreal University,Montreal,School Administration,Master,M.Ed.,
20144,Desilets,Luc,Montreal University,Montreal,Criminology,Bachelor,,
20144,Desilets,Luc,University of Quebec at Montréal,Montreal,Teaching,Bachelor,B.Ed.,
13424,Dhaliwal,Sukh,University of Calgary,,Engineering,Bachelor,B.Eng.,
13424,Dhaliwal,Sukh,Southern Alberta Institute of Technology,Calgary,Energy Management and utilization,Diploma,,
18562,Dhillon,Anju,Concordia University,Montreal,Political Science,Bachelor,B.A,2002.0
18562,Dhillon,Anju,Montreal University,Montreal,Laws,Bachelor,LL.B.,
18199,Diab,Lena Metlege,Saint Mary's University,Halifax,Economics and Political Science,Bachelor,B.A.,1985.0
18199,Diab,Lena Metlege,Dalhousie University,Halifax,Public Administration,Master,M.P.A.,1987.0
18199,Diab,Lena Metlege,Dalhousie University,Halifax,Laws,Bachelor,LL.B.,1990.0
18420,Diotte,Kerry,Carleton University,Ottawa,Journalism,Bachelor,B.A,
18420,Diotte,Kerry,Collegiate studies,,Unknown,Unknown,,
16779,Downe,Percy E.,University of Prince Edward Island,Charlottetown,Arts,Bachelor,B.A,1977.0
3440,Doyle,Norman E.,Collegiate studies,,Broadcasting,Certificate,,1971.0
17251,Dreeshen,Earl,University of Alberta,Edmonton,Education,Bachelor,B.Ed.,1974.0
18497,Drouin,Francis,Collegiate studies,,Business Administration,Diploma,,
18497,Drouin,Francis,University of Ottawa,Ottawa,Commerce,Bachelor,B.A,
18211,Dubourg,Emmanuel,University of Quebec at Montréal,Montreal,Accounting,Bachelor,B.A,1985.0
18211,Dubourg,Emmanuel,University of Quebec at Montréal,Montreal,Computerized Management,Certificate,,1986.0
18211,Dubourg,Emmanuel,University of Quebec at Montréal,Montreal,Business Administration,Master,M.A.,2000.0
18587,Duclos,Jean-Yves,University of Ottawa,Ottawa,Economics,Bachelor,B.A,1985.0
18587,Duclos,Jean-Yves,University of Alberta,,Economics,Bachelor,B.A,1988.0
18587,Duclos,Jean-Yves,London School of Economics and Political Science,,Economics,Master,M.A.,1989.0
18587,Duclos,Jean-Yves,London School of Economics and Political Science,,Economics,Doctorate,Dr,1992.0
17335,Duffy,Michael,University of Prince Edward Island,Charlottetown,Unknown,Unknown,,
18456,Duguid,Terry,Carleton University,Ottawa,Biology,Bachelor,B.A,
18456,Duguid,Terry,University of Calgary,,Environmental Studies,Master,M.A.,
20156,Duncan,Eric,Carleton University,Ottawa,Political Science,Bachelor,B.A,2010.0
17275,Duncan,Kirsty,University of Toronto,Toronto,Geography and Anthropology,Bachelor,B.A,1989.0
17275,Duncan,Kirsty,University of Edinburgh,,Geography,Doctorate,Dr,1992.0
9486,Duncan,Pat,Carleton University,Ottawa,,Bachelor,B.A,
18716,Dupuis,Renée,ÉNA École nationale d'administration,Paris,Administration,Master,M.A.,
18716,Dupuis,Renée,Laval University,,Laws,Diploma,Ad.E.,
8244,Dyck,Lillian Eva,University of Saskatchewan,Saskatoon,Chemistry,Bachelor,B.A,1966.0
8244,Dyck,Lillian Eva,University of Saskatchewan,Saskatoon,Biochemistry,Honours Bachelor,Hons. BA,1968.0
8244,Dyck,Lillian Eva,University of Saskatchewan,Saskatoon,Biochemistry,Master,M.A.,1970.0
8244,Dyck,Lillian Eva,University of Saskatchewan,Saskatoon,Biological Psychiatry,Doctorate,Dr,1981.0
18491,Dzerowicz,Julie,McGill University,Montreal,Commerce,Bachelor,B.A,
18491,Dzerowicz,Julie,University of British Columbia,,Business Administration,Master,M.A.,
843,Easter,Wayne,Canadian International Grains Institute,Winnipeg,Agriculture,Certificate,,
843,Easter,Wayne,Nova Scotia Agricultural College,Truro,Agriculture,Diploma,,
843,Easter,Wayne,University of Prince Edward Island,Charlottetown,Laws,Honorary doctorate,,
17340,Eaton,Nicole,National Theatre School,Montreal,Theatre and Creative Arts,Diploma,,
17340,Eaton,Nicole,Université de Nancy (Switzerland),,Literature,Diploma,,
18548,Ehsassi,Ali,London School of Economics and Political Science,London,Science,Master,M.A.,
18548,Ehsassi,Ali,Georgetown University,Washington,Laws,Master,M.A.,
18548,Ehsassi,Ali,Osgoode Hall Law School,Toronto,Laws,Bachelor,B.A,
18548,Ehsassi,Ali,University of Toronto,Toronto,Arts,Bachelor,B.A,
18572,El-Khoury,Fayçal,Concordia University,Montreal,Civil Engineering,Bachelor,B.A,1984.0
18482,Ellis,Neil R.,Carleton University,Ottawa,Law and Psychology,Bachelor,B.A,
18482,Ellis,Neil R.,McMaster University,Hamilton,Human Resources,Certificate,,
18482,Ellis,Neil R.,McMaster University,Hamilton,Leadership,Certificate,,
18483,Erskine-Smith,Nathaniel,Queen's University,,Laws,Bachelor (Juris),B.A. (Juris),
18483,Erskine-Smith,Nathaniel,University of Oxford,Oxford,Constitutional Law and Political Science,Master,M.A.,
18483,Erskine-Smith,Nathaniel,Queen's University,,Arts,Bachelor,B.A,
20005,Falk,Rosemarie,University of Calgary,,Social Work,Bachelor,,
18213,Falk,Ted,Collegiate studies,,Unknown,Unknown,,
11432,Fast,Ed,University of British Columbia,,Laws,Bachelor,B.A,1982.0
18565,Fergus,Greg,University of Ottawa,,Political Science,Bachelor,B.A,1991.0
18565,Fergus,Greg,Carleton University,,International Relations,Bachelor,B.A,2001.0
20246,Ferreri,Michelle,Trent University,,Biology,,,
20246,Ferreri,Michelle,Loyalist College,,Biotechnology,,,
18474,Fillmore,Andy,Harvard University,,"Urban Planning, Policy and Design",Degree,,1995.0
18474,Fillmore,Andy,Acadia University,Wolfville,Engineering,Unknown,,
18474,Fillmore,Andy,Dalhousie University,Halifax,Architecture Design,Degree,,
17848,Findlay,Kerry-Lynne D.,University of British Columbia,,History and Political Science,Bachelor,B.A,1975.0
17848,Findlay,Kerry-Lynne D.,University of British Columbia,,Laws,Bachelor,B.A,1978.0
2173,Finley,Diane,University of Western Ontario,London,Arts,Bachelor,B.A,
2173,Finley,Diane,University of Western Ontario,London,Business Administration,Master,M.A.,
18462,Finnigan,Pat,Nova Scotia Agricultural College,Truro,Plant Science,Diploma,,
18514,Fonseca,Peter,University of Oregon,,Unknown,Unknown,,
18514,Fonseca,Peter,University of Windsor,Windsor,Education,Bachelor,B.A,
18717,Forest,Éric,University of Quebec at Trois-Rivières,Trois-Rivières,Recreology,Bachelor,,1977.0
20048,Forest-Niesing,Josée,Laurentian University,Sudbury,Law and Political Science,Bachelor,B.A,1985.0
20048,Forest-Niesing,Josée,University of Ottawa,Ottawa,Common Law,Bachelor,LL.B.,1988.0
18741,Fortier,Mona,University of Ottawa,Ottawa,Sociology,Bachelor,B.A,
18741,Fortier,Mona,University of Ottawa,Ottawa,Business Administration,Master,M.A.,
18591,Fortin,Rhéal Éloi,Sherbrooke University,Sherbrooke,Laws,Bachelor,B.A,
18510,Fragiskatos,Peter,University of Western Ontario,London,Political Science,Bachelor,B.A,
18510,Fragiskatos,Peter,Queen's University,,International Relations,Master,M.A.,
18510,Fragiskatos,Peter,University of Cambridge,Cambridge,International Relations,Doctorate,Dr,
20049,Francis,Brian,University of Prince Edward Island,Charlottetown,Conflict prevention and resolution,,,
18472,Fraser,Sean,Leiden University (Holland),,International Law,Master,M.A.,
18472,Fraser,Sean,Dalhousie University,Halifax,Laws,Bachelor,B.A,
18472,Fraser,Sean,St. Francis Xavier University,Antigonish,Science,Bachelor,B.A,
18214,Freeland,Chrystia,Harvard University,,Russian History,Bachelor,B.A,
18214,Freeland,Chrystia,University of Oxford,Oxford,Slavonic Studies,Master,M.A.,
17417,Frum,Linda,McGill University,Montreal,Arts,Bachelor,B.A,1984.0
5951,Fry,Hedy,College of Physicians and Surgeons,Dublin,Medicine,Doctorate,Dr,
16524,Furey,George J.,Memorial Univerisity of Newfoundland,St. John's,Arts,Bachelor,B.A,1970.0
16524,Furey,George J.,Memorial Univerisity of Newfoundland,St. John's,Education,Bachelor,B.A,1971.0
16524,Furey,George J.,Memorial Univerisity of Newfoundland,St. John's,Education,Master,M.A.,1976.0
16524,Furey,George J.,Dalhousie University,Halifax,Laws,Bachelor,B.A,1983.0
18637,Gagné,Raymonde,Collège universitaire de Saint-Boniface,Winnipeg,Education,Bachelor,,1976.0
18637,Gagné,Raymonde,Collège universitaire de Saint-Boniface,Winnipeg,Education,Certificate,,1977.0
18637,Gagné,Raymonde,University of Moncton,Moncton,Business Administration,Master,M.B.A.,1983.0
20241,Gaheer,Iqwinder,York University,Toronto,Business Administration,Bachelor,B.B.A.,2015.0
20241,Gaheer,Iqwinder,Harvard Law School,Boston,Laws,Juris Doctor,J.D.,2019.0
18230,Gainey,Anna,McGill University,Montreal,Political Science,Bachelor,B.A,
18230,Gainey,Anna,London School of Economics and Political Science,London,International Relations,Master,M.Sc.C.,
14904,Gallant,Cheryl,University of Western Ontario,London,Science,Bachelor,B.A,1983.0
18718,Galvez,Rosa,Universidad Nacional de Ingenieria,Lima,Civil Engineering,Bachelor,B.A,
18718,Galvez,Rosa,McGill University,Montreal,Environmental Engineering,Master,M.A.,
18718,Galvez,Rosa,McGill University,Montreal,Environmental Engineering,Doctorate,Dr,
17305,Garneau,Marc,Royal Military College of Canada,Kingston,Science,Bachelor,B.A,1970.0
17305,Garneau,Marc,Imperial College of Science and Technology,London,Electrical Engineering,Doctorate,Ph.D,1973.0
17849,Garrison,Randall,University of British Columbia,,Political Science,Master,M.A.,
20124,Gaudreau,Marie-Hélène,University of Quebec at Montréal,Montreal,Communications,Bachelor,,2000.0
18428,Genuis,Garnett,Carleton University,Ottawa,Arts,Bachelor,B.A,
18428,Genuis,Garnett,London School of Economics and Political Science,,Public Policy,Master,M.A.,
20207,Gerba,Amina,University of Quebec at Montréal,Montreal,Business Administration,Bachelor,B.A,
20207,Gerba,Amina,University of Quebec at Montréal,Montreal,Business Administration,Master,M.B.A.,
18506,Gerretsen,Mark,Queen's University,,Economics,Bachelor,B.A,2006.0
20208,Gignac,Clément,Laval University,Québec,Economy,Master,M.Sc.,1980.0
20208,Gignac,Clément,Laval University,Québec,Economy,Bachelor,,
18533,Gladu,Marilyn,Queen's University,,Engineering,Bachelor,B.A,
18719,Gold,Marc,University of British Columbia,,Laws,Degree,,
18719,Gold,Marc,McGill University,Montreal,Laws,Diploma,,
18719,Gold,Marc,Harvard Law School,,Laws,Degree,,
20227,Goodridge,Laila,University of Alberta,Edmonton,Political Science,Bachelor,B.A,2009.0
18489,Gould,Karina,McGill University,Montreal,Political Science,Bachelor,B.A,2010.0
18489,Gould,Karina,University of Oxford,Oxford,International Relations,Master,M.A.,
2182,Gourde,Jacques,Saint-Georges-de-Beauce College,,Agriculture,Diploma,,
20110,Green,Matthew,Acadia University,Wolfville,Political Science,Bachelor,B.A,2003.0
20110,Green,Matthew,McMaster University,Hamilton,Economics,,,2005.0
20110,Green,Matthew,Harvard Business School,Boston,,Post-graduate studies,,2012.0
20110,Green,Matthew,Harvard Kennedy School,Cambridge,,Certificate,,2018.0
17333,Greene,Stephen,McMaster University,Hamilton,Political Science,Bachelor,B.A,1972.0
17333,Greene,Stephen,Dalhousie University,Halifax,Political Science,Master,M.A.,1979.0
20125,Guilbeault,Steven,Montreal University,Montreal,,Bachelor,,
17762,Généreux,Bernard,Laval University,,Management,Certificate,,
18542,Hajdu,Patricia,University of Victoria,Victoria,Public Administration,Master,M.A.,
18542,Hajdu,Patricia,Lakehead University,,Arts,Bachelor,B.A,
8772,Harder,Peter,University of Waterloo,Waterloo,Political Science,Bachelor,B.A,
8772,Harder,Peter,University of Waterloo,Waterloo,Laws,Honorary doctorate,,
8772,Harder,Peter,Queen's University,,Arts,Master,M.A.,
18437,Hardie,Ken,Simon Fraser University,,Executive Development Program,Degree,,
18437,Hardie,Ken,University of British Columbia,,Economics,Bachelor,B.A,
3314,Harris,Jack,Memorial Univerisity of Newfoundland,St. John's,Arts,Bachelor,B.A,1971.0
3314,Harris,Jack,University of Alberta,,Laws,Bachelor,B.A,1979.0
3314,Harris,Jack,London School of Economics and Political Science,,Laws,Master,M.A.,1981.0
18706,Hartling,Nancy,St. Francis Xavier University,Antigonish,Adult Education,Master,M.A.,1996.0
18706,Hartling,Nancy,Norwich University,Northfield,Women’s Studies and Social Sciences,Bachelor,B.A,
20263,Hepfner,Lisa,University of Calgary,Calgary,Political Science,Bachelor,B.A,
20263,Hepfner,Lisa,Ryerson University,Toronto,Journalism,Bachelor,B.J./B.A.,
20263,Hepfner,Lisa,McMaster University,Hamilton,,Master,M.A.,
17307,Hoback,Randy,University of Saskatchewan,Saskatoon,Business Administration,Certificate,,
6440,Holland,Mark,University of Toronto,Toronto,Political Science and History,Bachelor,B.A,1996.0
17342,Housakos,Leo,McGill University,Montreal,Arts,Bachelor,B.A,1992.0
18582,Housefather,Anthony,Concordia University,Montreal,Business Administration,Master,M.A.,2002.0
18582,Housefather,Anthony,McGill University,Montreal,Civil Law,Bachelor,B.A,
18582,Housefather,Anthony,McGill University,Montreal,Laws,Bachelor,B.A,
17271,Hughes,Carol,Sudbury Business College,,Business Administration,Unknown,,
18551,Hussen,Ahmed,York University,Toronto,History,Bachelor,B.A,2002.0
18551,Hussen,Ahmed,University of Ottawa,Ottawa,Laws,Bachelor,B.A,2012.0
18468,Hutchings,Gudie,Acadia University,Wolfville,Unknown,Unknown,,
18554,Iacono,Angelo,McGill University,Montreal,Political Science,Bachelor,B.A,1988.0
18554,Iacono,Angelo,University of Quebec at Montréal,Montreal,Civil Law,Unknown,,1996.0
18554,Iacono,Angelo,Université de Lyon,,Laws,Certificate,,1998.0
18554,Iacono,Angelo,University of Ottawa,Ottawa,Laws,Doctorate,Dr,2000.0
20244,Idlout,Lori,Lakehead University,Thunder Bay,Psychology,Bachelor,,1997.0
20244,Idlout,Lori,University of Ottawa,Ottawa,Laws,Doctorate,,2018.0
20189,Ien,Marci,Ryerson University,,Broadcasting,Bachelor,,1991.0
20128,Jaczek,Helena,University of Toronto,Toronto,Media Studies and Global Studies,Doctor of medicine,M.D.,1973.0
20128,Jaczek,Helena,University of Toronto,Toronto,Health Sciences,Master,M.Sc.,1987.0
20128,Jaczek,Helena,York University,Toronto,Business Administration,Master,M.B.A.,1994.0
11967,Jaffer,Mobina S.B.,University of London,London,Laws,Bachelor,B.A,
11967,Jaffer,Mobina S.B.,Simon Fraser University,,Executive Development Program,Bachelor,B.A,
18423,Jeneroux,Matt,University of Alberta,Edmonton,Arts,Bachelor,B.A,2004.0
20338,Jivani,Jamil,Yale University,New Haven,Laws,Juris Doctor,J.D.,2013.0
18553,Joly,Mélanie,Montreal University,Montreal,Laws,Bachelor,LL.B.,2001.0
18553,Joly,Mélanie,University of Oxford,Oxford,Laws,Master,M.A.,
5058,Jones,Yvonne,West Viking College,Stephenville,Journalism,Diploma,,
18476,Jordan,Bernadette,St. Francis Xavier University,Antigonish,Political Science,Bachelor,B.A,
18532,Jowhari,Majid,York University,Toronto,Business Administration,Master,M.A.,
18532,Jowhari,Majid,Ryerson University,Toronto,Industrial Engineering,Bachelor,B.A,
7660,Joyal,Serge,Montreal University,Montreal,Arts,Bachelor,B.A,1964.0
7660,Joyal,Serge,Montreal University,Montreal,Laws,Licentiate,,1968.0
7660,Joyal,Serge,Faculté internationale de Droit comparé,,Comparative Law,Diploma,,1969.0
7660,Joyal,Serge,Sheffield University,,Administrative Law,Master,M.A.,1970.0
7660,Joyal,Serge,London School of Economics and Political Science,,Laws,Master,M.A.,1971.0
8117,Julian,Peter,University of Quebec at Montréal,Montreal,Arts,Bachelor,B.A,
20181,Keating,Judith,University of Ottawa,Ottawa,,Bachelor,B.A,
20181,Keating,Judith,University of Moncton,Moncton,,Bachelor,LL.B.,
20095,Kelloway,Mike,University of Calgary,Calgary,Leadership,Master,M.A.,2006.0
20095,Kelloway,Mike,College of Cape Breton,Sydney,,,,
18415,Kelly,Pat,University of Calgary,,Political Science,Bachelor,B.A,1994.0
18515,Khalid,Iqra,York University,Toronto,Professional Writing,Degree,,2007.0
18515,Khalid,Iqra,York University,Toronto,Criminology,Degree,,2007.0
18515,Khalid,Iqra,Western Michigan University,,Laws,Doctorate,Dr,
20302,Khanna,Arpan,University of Western Ontario,London,Sociology and Criminology,Bachelor,B.A,2012.0
20302,Khanna,Arpan,University of Leicester,,Laws,Bachelor,LL.B.,2018.0
18488,Khera,Kamal,York University,Toronto,Psychology,Bachelor,B.A,
18488,Khera,Kamal,York University,Toronto,Nursing,Bachelor,B.A,
20311,Kingston,Joan,University of New Brunswick,Fredericton,Nursing,Bachelor,,1978.0
18606,Kitchen,Robert Gordon,University of Regina,Regina,Educational Administration,Diploma,,
18606,Kitchen,Robert Gordon,University of Waterloo,Waterloo,Kinesiology,Bachelor,B.A,
18606,Kitchen,Robert Gordon,Canadian Memorial Chiropractic College,Toronto,Chiropractic,Doctorate,Dr,
20044,Klyne,Marty,University of Regina,Regina,Business Administration,Bachelor,B. Admin,1986.0
18416,Kmiec,Tom,Concordia University,Montreal,Political Science,Bachelor,B.A,2005.0
18416,Kmiec,Tom,Regent University (Virginia),"Alexandria, Virginia",American Government,Master,M.A.,2014.0
20163,Koutrakis,Annie,Dawson College,Montreal,Social Science,Diploma of College Studies,DCS,1981.0
20142,Kram,Michael,University of Regina,Regina,Computer Science,Bachelor,B.Sc.,2002.0
20142,Kram,Michael,University of Regina,Regina,Economics,Bachelor,B.A,2007.0
20231,Kramp-Neuman,Shelby,University of Ottawa,Ottawa,Communications and politics,Bachelor,B.A,
20083,Kurek,Damien C.,Eston College,Eston,Biblical Studies,Associate Degree,,2010.0
20083,Kurek,Damien C.,Trinity Western University,Langley,Communications and politics,Bachelor,B.A,2015.0
18740,Kusie,Stephanie,University of Alberta,,Political Science,Bachelor,B.A,1995.0
18740,Kusie,Stephanie,Rutgers University,,Business Administration,Master,M.A.,2001.0
20167,Kusmierczyk,Irek,Carleton University,Ottawa,History and Journalism,Bachelor,B.J./B.A.,2001.0
20167,Kusmierczyk,Irek,London School of Economics and Political Science,London,Political Science,Master,M.Sc.,2002.0
20167,Kusmierczyk,Irek,Jagiellonian University in Krakow,Kraków,Political Science,Master,M.A.,2004.0
20167,Kusmierczyk,Irek,Vanderbilt University,Nashville,Political Science,Doctorate,Ph.D,2010.0
20053,Kutcher,Stan,McMaster University,Hamilton,History and Political Science,Bachelor,B.A,
20053,Kutcher,Stan,McMaster University,Hamilton,History,Master,M.A.,
20053,Kutcher,Stan,McMaster University,Hamilton,Medicine,Doctor of medicine,M.D.,
20053,Kutcher,Stan,University of Toronto,Toronto,Psychiatry,,,
20053,Kutcher,Stan,Medical Research Council UK,Edinburgh,Psychoneuroendocrinology,,,
2604,Kwan,Jenny Wai Ching,Simon Fraser University,Burnaby,Criminology,Bachelor,B.A,
20046,LaBoucane-Benson,Patti,University of Alberta,Edmonton,Physical Education,Bachelor,BPE,1990.0
20046,LaBoucane-Benson,Patti,University of Alberta,Edmonton,Human Ecology,Master,M.Sc.,2001.0
20046,LaBoucane-Benson,Patti,University of Alberta,Edmonton,Human Ecology,Doctorate,Ph.D.,2009.0
8942,Lake,Mike,University of Alberta,Edmonton,Business,Bachelor,B.Comm.,1995.0
20136,Lalonde,Marie-France,University of Ottawa,Ottawa,Administration,Bachelor,,1993.0
20136,Lalonde,Marie-France,University of Quebec in Hull,Hull,Social Work,Bachelor,,1996.0
18742,Lambropoulos,Emmanuella,McGill University,Montreal,Education,Bachelor,B.A,2013.0
18742,Lambropoulos,Emmanuella,McGill University,Montreal,Educational Administration,Post-graduate education,,
18570,Lametti,David,University of Toronto,Toronto,Economics and Political Science,Bachelor,B.A,1985.0
18570,Lametti,David,McGill University,Montreal,Civil Law,Bachelor,B.A,1989.0
18570,Lametti,David,McGill University,Montreal,Common Law,Bachelor,B.A,1989.0
18570,Lametti,David,Yale University,,Laws,Master,M.A.,1991.0
18570,Lametti,David,University of Oxford,Oxford,Laws,Doctorate,Dr,1999.0
17821,Lamoureux,Kevin,University of Winnipeg,Winnipeg,Unknown,Unknown,,
14773,Lankin,Frances,University of Toronto,Toronto,Unknown,Unknown,,
20256,Lantsman,Melissa,University of Toronto,,,Bachelor,,
20150,Larouche,Andréanne,Sherbrooke University,Sherbrooke,Political Science,Bachelor,B.A,
20147,Lattanzio,Patricia,McGill University,Montreal,,Bachelor,B.A,1985.0
20147,Lattanzio,Patricia,Montreal University,Montreal,Laws,Certificate,,1987.0
20147,Lattanzio,Patricia,Montreal University,Montreal,Laws,Bachelor,B.C.L.,1989.0
18555,Lauzon,Stéphane,University of Quebec in Outaouais,Gatineau,Business Administration,Unknown,,
18555,Lauzon,Stéphane,Unknown,,Teaching,Certificate,,
20133,Lawrence,Philip,Brock University,St. Catharines,Political Science,Bachelor,B.A,
20133,Lawrence,Philip,Osgoode Hall Law School,Toronto,Laws,Bachelor,LL.B.,
20133,Lawrence,Philip,Schulich School of business,Toronto,,Master,M.B.A.,
14335,LeBlanc,Dominic,Trinity College,Toronto,Arts,Bachelor,B.A,1989.0
14335,LeBlanc,Dominic,University of New Brunswick,Fredericton,Laws,Bachelor,B.A,1992.0
14335,LeBlanc,Dominic,Harvard Law School,,Laws,Master,M.A.,1997.0
18563,Lebouthillier,Diane,Moncton University,,Social Work,Bachelor,B.A,
18540,Lefebvre,Paul,University of Waterloo,Waterloo,Laws,Master,M.A.,
18540,Lefebvre,Paul,Unknown,,Music,Degree,,
18540,Lefebvre,Paul,University of Ottawa,Ottawa,Laws,Bachelor,B.A,
20080,Lemire,Sébastien,Montreal University,Montreal,Communications and politics,Bachelor,,2008.0
20080,Lemire,Sébastien,Sherbrooke University,Sherbrooke,Leadership,Graduate certificate,,2013.0
20080,Lemire,Sébastien,Collège des administrateurs de sociétés,Québec,Corporate governance,Certificate,,2014.0
20303,Leslie,Branden,Carleton University,Ottawa,Political Science,Bachelor,B.B.A.,
18550,Levitt,Michael,Unknown,,Political Science,Bachelor,B.A,
18417,Liepert,Ron,Columbia School of Broadcasting,,Broadcasting,Degree,,
18574,Lightbound,Joël,McGill University,Montreal,Civil Law,Bachelor,B.A,
18574,Lightbound,Joël,Montreal University,Montreal,Information,Master,M.A.,
18574,Lightbound,Joël,McGill University,Montreal,Common Law,Bachelor,B.A,
18807,Lloyd,Dane,Trinity Western University,Langley,History and Political Science,Degree,,2013.0
17278,Lobb,Ben,Lee University,,Business Administration,Bachelor,B.A,
20073,Loffreda,Tony,Concordia University,Montreal,Commerce,Bachelor,B.Comm.,1985.0
20073,Loffreda,Tony,University of Illinois at Urbana–Champaign,Champaign,Accounting,Certified Public Accountant,CPA,2003.0
18465,Long,Wayne,University of New Brunswick,Fredericton,Business Administration,Degree,,
18498,Longfield,Lloyd,University of Manitoba,Winnipeg,Mathematics,Bachelor,B.A,
18498,Longfield,Lloyd,Red River College,Winnipeg,Mechanical Engineering Technology,Diploma,,
20118,Louis,Tim,Rutgers University,,Music,Bachelor,B.A,1991.0
10267,Lukiwski,Tom,Unknown,,Administration,Unknown,,
20300,MacAdam,Jane,University of Prince Edward Island,Charlottetown,Business Administration,Bachelor,,
11677,MacAulay,Lawrence,Academic Studies,,Political Science,Unknown,,
17334,MacDonald,Michael L.,University of King's College,,Political Science,Degree,,1977.0
17334,MacDonald,Michael L.,Dalhousie University,Halifax,Unknown,Unknown,,
18435,MacGregor,Alistair,Royal Roads University,Victoria,Arts,Master,M.A.,
18435,MacGregor,Alistair,University of Victoria,Victoria,Arts,Bachelor,B.A,
2321,MacKenzie,Dave,Canadian Police College,,Police and Security Management,Unknown,,
18564,MacKinnon,Steven,Moncton University,,Business Administration,Bachelor,B.A,1988.0
18564,MacKinnon,Steven,Queen's University,,Business Administration,Master,M.A.,1998.0
18212,Maguire,Larry,University of Manitoba,Winnipeg,Agriculture,Diploma,,
18496,Maloney,James,Bishop's University,Lennoxville,Arts,Bachelor,B.A,
18496,Maloney,James,Windsor University,,Laws,Bachelor,B.A,
18496,Maloney,James,University of Wales (Cardiff),,Laws,Bachelor,B.A,
20067,Manly,Paul,Algonquin College,Ottawa,Broadcasting,Diploma,P.Ag.,1991.0
20067,Manly,Paul,Vancouver Island University,Vancouver,Media Studies and Global Studies,Bachelor,B.A,2007.0
2257,Manning,Fabian,High School,,Carpentry,Unknown,,
16717,Marshall,Elizabeth,Memorial Univerisity of Newfoundland,St. John's,Mathematics,Bachelor,B.A,1973.0
16717,Marshall,Elizabeth,Unknown,,Chartered Accountants,Chartered accountants,CA,1979.0
17348,Martin,Yonah,University of British Columbia,,Education,Bachelor,B.Ed.,1987.0
17348,Martin,Yonah,City University,Vancouver,Education,Master,M.Ed.,1996.0
20112,Martinez Ferrada,Soraya,Montreal University,Montreal,Management,Master,M.B.A.,2005.0
18712,Marwah,Sarabjit S.,University of Calcutta,Calcutta,Economics,Bachelor,B.A,1970.0
18712,Marwah,Sarabjit S.,University of Delhi,Delhi,Economics,Master,M.A.,1972.0
18712,Marwah,Sarabjit S.,University of California,Los Angeles,Business Administration,Master,M.A.,1976.0
16528,Masse,Brian,Wilfrid Laurier University,,Sociology,Bachelor,B.A,
11846,Massicotte,Paul J.,University of Manitoba,Winnipeg,Commerce,Bachelor,B.A,1974.0
20126,Mathyssen,Lindsay,Queen's University,Kingston,English and Political Science,Bachelor,B.A,2001.0
20126,Mathyssen,Lindsay,University of Western Ontario,London,Management,Certificate,Not-For-Profit Management,2006.0
18490,May,Bryan,University of Waterloo,Waterloo,Arts,Bachelor,B.A,
17853,May,Elizabeth,Dalhousie University,Halifax,Laws,Bachelor,B.A,1983.0
20101,Mazier,Dan,University of Manitoba,Winnipeg,Agriculture,Diploma,Dip.Agr.,1984.0
20319,McBean,Marnie ,Wesleyan University,London,Kinesiology,Bachelor,,
20004,McCallum,Mary Jane,Wascana Institute of Applied Arts and Sciences,,Dental Nursing,Diploma,,1977.0
20004,McCallum,Mary Jane,School of Dental Therapy,,Dental Therapy,Diploma,,1979.0
20004,McCallum,Mary Jane,University of Manitoba,,Dental Medicine,Doctorate,Dr,1990.0
18424,McCauley,Kelly,British Columbia Institute of Technology (BCIT),Burnaby,Management,Degree,,
17273,McColeman,Phil,Wilfrid Laurier University,,Psychology,Bachelor,B.A,1976.0
17273,McColeman,Phil,Kent State University (Ohio),,Unknown,Post-graduate studies,,
3702,McCoy,Elaine,University of Alberta,,Arts,Bachelor,B.A,1968.0
3702,McCoy,Elaine,University of Alberta,,Laws,Bachelor,LL.B.,1969.0
18504,McCrimmon,Karen,University of Windsor,Windsor,Linguistic,Bachelor,B.A,
18467,McDonald,Ken,Collegiate studies,,Accounting,Diploma,,
10314,McGuinty,David,University of Guelph,,Agriculture,Diploma,Dip.Agr.,1981.0
10314,McGuinty,David,London School of Economics and Political Science,,Economics and Political Science,Master,M.A.,
10314,McGuinty,David,University of Ottawa,Ottawa,English Literature,Bachelor,B.A,
10314,McGuinty,David,University of Oxford,Oxford,Laws,Bachelor,LL.B.,
18096,McInnis,Tom,Dalhousie University,Halifax,Laws,Degree,,
8991,McKay,John,University of Toronto,Toronto,Arts,Bachelor,B.A,1970.0
8991,McKay,John,Queen's University,,Laws,Bachelor,B.A,1973.0
18526,McKenna,Catherine,London School of Economics and Political Science,,International Relations,Degree,,
18526,McKenna,Catherine,McGill University,Montreal,Laws,Degree,,
18526,McKenna,Catherine,University of Toronto,Toronto,International Relations,Bachelor,B.A,
18433,McKinnon,Ron,Southern Alberta Institute of Technology,Calgary,Computer Technology,Diploma,,
18433,McKinnon,Ron,University of Alberta,,Science,Bachelor,B.A,
20092,McLean,Greg,University of Alberta,Edmonton,Finance,Bachelor,B.Comm.,1985.0
20092,McLean,Greg,Ivey Business School,London,Business Administration,Master,M.B.A.,1996.0
17253,McLeod,Cathy,University of Western Ontario,London,Nursing,Bachelor,B.Sc.,1981.0
17253,McLeod,Cathy,University of London,London,Health Care Administration,Master,M.Sc.,2007.0
18471,McLeod,Michael,Collegiate studies,,Management,Unknown,,
20312,McNair,John M.,University of New Brunswick,Fredericton,Arts,Bachelor,B.A,1981.0
20312,McNair,John M.,University of New Brunswick,Fredericton,Laws,Bachelor,LL.B.,1984.0
18703,McPhedran,Marilou,Osgoode Hall Law School,,Laws,Bachelor,B.A,1978.0
18703,McPhedran,Marilou,Osgoode Hall Law School,,Constitutional law,Master,M.A.,2004.0
20106,McPherson,Heather,Grant MacEwan College,Edmonton,,Diploma,,1996.0
20106,McPherson,Heather,University of Alberta,Edmonton,Education,Bachelor,B.Ed.,1997.0
20106,McPherson,Heather,University of Alberta,Edmonton,Education,Master,M.Ed.,2007.0
20115,Melillo,Eric,Lakehead University,Thunder Bay,Economics,Bachelor,B.A,2019.0
18493,Mendicino,Marco,Carleton University,Ottawa,Political Science,Bachelor,B.A,1997.0
18493,Mendicino,Marco,University of Windsor,Windsor,Laws,Bachelor,B.A,2001.0
18493,Mendicino,Marco,York University,Toronto,Human Resources,Certificate,,2013.0
17310,Mendès,Alexandra,Sherbrooke University,Sherbrooke,Unknown,Certificate,,
8788,Mercer,Terry M.,Saint Mary's University,Halifax,Arts,Bachelor,B.A,1971.0
20261,Miao,Chung An Wilson,Simon Fraser University,,Business,Degree,,
20081,Michaud,Kristina,Laval University,Québec,International Studies and Modern Languages,Bachelor,B.A,2018.0
20081,Michaud,Kristina,Laval University,Québec,International Relations,Master,M.A.,
18600,Miller,Marc,McGill University,Montreal,Civil Law,Diploma,,
18600,Miller,Marc,McGill University,Montreal,Common Law,Diploma,,
18600,Miller,Marc,Montreal University,Montreal,Political Science,Bachelor,B.A,
18600,Miller,Marc,Montreal University,Montreal,Political Science,Master,M.A.,
5531,Mitchell,Grant,Queen's University,,Political Science,Master,M.A.,
5531,Mitchell,Grant,University of Alberta,,Political Science,Honours Bachelor,Hons. BA,
20027,Miville-Dechêne,Julie,University of Quebec at Montréal,Montreal,Political Science,Bachelor,Bachelor’s Degree,
20027,Miville-Dechêne,Julie,Columbia University,New York,Journalism,Master,M.Ed.,
20027,Miville-Dechêne,Julie,Sherbrooke University,Sherbrooke,Conflict prevention and resolution,Graduate degree ,,
17336,Mockler,Percy,University of Moncton,Edmundston,Political Science,Bachelor,B.Sc.,
17336,Mockler,Percy,University of Moncton,Edmundston,Business Administration,Master,M.B.A.,
18713,Moncion,Lucie,Moncton University,,Business Administration,Master,M.A.,
18713,Moncion,Lucie,Laurentian University,Sudbury,Business Administration,Bachelor,B.A,
18713,Moncion,Lucie,Laval University,,Administration,Certificate,,
18713,Moncion,Lucie,McMaster University,Hamilton,Administration,Designation,,
18530,Monsef,Maryam,Trent University,,Science,Bachelor,B.A,
20054,Moodie,Rosemary,University of West Indies,Kingston,Medicine,Bachelor,MBBS,1982.0
20054,Moodie,Rosemary,,,Public Administration,Master,M.B.A.,
15894,Moore,Rob,University of New Brunswick,Fredericton,Laws,Bachelor,B.A,
15894,Moore,Rob,University of New Brunswick,Fredericton,Business Administration,Bachelor,B.A,
20096,Morantz,Marty,University of Manitoba,Winnipeg,Political Studies,Bachelor,B.A,1983.0
20096,Morantz,Marty,Osgoode Hall Law School,Toronto,Laws,Bachelor,LL.B.,1986.0
18543,Morneau,Bill,University of Western Ontario,London,Arts,Bachelor,B.A,1986.0
18543,Morneau,Bill,INSEAD,Fontainebleau,Business Administration,Master,M.A.,
18543,Morneau,Bill,Université de Grenoble,,Unknown,Unknown,,
18543,Morneau,Bill,London School of Economics and Political Science,London,Economics,Master,M.A.,
18552,Morrissey,Robert,University of Prince Edward Island,Charlottetown,Unknown,Unknown,,
18699,Motz,Glen,HHillcrest Christian College,Medicine Hat,Religious Education,Bachelor,B.A,
11665,Murray,Joyce,Simon Fraser University,,Business Administration,Master,M.A.,1992.0
18720,Mégie,Marie-Françoise,University of Haiti,,Medicine,Doctor of medicine,,1974.0
20245,Naqvi,Yasir,Carleton University,Ottawa,International Affairs,Master,,2008.0
20245,Naqvi,Yasir,McMaster University,,,,,
20245,Naqvi,Yasir,University of Ottawa,Ottawa,Laws,,,
18529,Nater,John,Carleton University,Ottawa,Public Affairs and Policy Management,Bachelor,B.P.A.P.M.,2007.0
18529,Nater,John,Queen's University,Kingston,Public Administration,Master,M.P.A.,2008.0
18529,Nater,John,University of Western Ontario,London,Political Science,,,
18743,Ng,Mary,University of Toronto,Toronto,Unknown,Unknown,,1995.0
18095,Ngo,Thanh Hai,University of Paris,Paris,Arts,Bachelor,B.A,
18095,Ngo,Thanh Hai,University of Ottawa,Ottawa,Education,Master,M.A.,
18095,Ngo,Thanh Hai,University of Ottawa,Ottawa,Education,Bachelor,B.A,
20269,Noormohamed,Taleeb,Princeton University,,Arts,Bachelor,,
20269,Noormohamed,Taleeb,Harvard University,,Education,Master,,
20146,Normandin,Christine,Montreal University,Montreal,Biomedical Sciences,Bachelor,B.Sc.,2006.0
20146,Normandin,Christine,Montreal University,Montreal,Laws,,,2007.0
20146,Normandin,Christine,University of Quebec at Montréal,Montreal,Laws,Bachelor,B.C.L.,2007.0
20146,Normandin,Christine,École du Barreau,Montreal,Laws,Post-graduate studies,,2015.0
18531,O'Connell,Jennifer,University of Toronto,Toronto,Political Science,Bachelor,B.A,2006.0
18470,O'Regan,Seamus,St. Francis Xavier University,Antigonish,Political Science,Bachelor,B.A,1992.0
18470,O'Regan,Seamus,University College Dublin,Dublin,Political Science,Diploma,,1996.0
18470,O'Regan,Seamus,University of Toronto,Toronto,Management,Unknown,,2015.0
18470,O'Regan,Seamus,University of Cambridge,Cambridge,Philosophy,Master,M.A.,
18470,O'Regan,Seamus,INSEAD,,Marketing Management,Unknown,,
18117,O'Toole,Erin,Royal Military College of Canada,,Arts,Bachelor,B.A,1995.0
18117,O'Toole,Erin,Dalhousie University,Halifax,Laws,Bachelor,B.A,2003.0
17274,Oliphant,Robert,University of Toronto,Toronto,Commerce,Bachelor,B.A,1978.0
17274,Oliphant,Robert,University of British Columbia,,Theology,Degree,,1984.0
18639,Omidvar,Ratna,University of New Delhi,,Arts,Bachelor,B.A,
20281,Osler,Flordeliz (Gigi),University of Manitoba,Winnipeg,Medicine,Degree,,1992.0
20281,Osler,Flordeliz (Gigi),University of British Columbia,Vancouver,Surgery,Certificate,,
20332,Oudar,Manuelle,Laval University,Québec,Laws,Bachelor,,
20332,Oudar,Manuelle,Laval University,Québec,Laws,Master,,
6934,Patterson,Dennis Glen,University of Alberta,,Arts,Bachelor,B.A,1969.0
6934,Patterson,Dennis Glen,Dalhousie University,Halifax,Laws,Licentiate,,1972.0
20287,Patterson,Rebecca,Niagara College Canada,Welland,Nursing,Diploma,,
20287,Patterson,Rebecca,University of Ottawa,Ottawa,Nursing,Bachelor,B.Sc.,
18558,Paul-Hus,Pierre,Laval University,Québec,Political Science,Diploma,,1990.0
18558,Paul-Hus,Pierre,Royal Military College of Canada,Kingston,Military,Diploma,,2000.0
18558,Paul-Hus,Pierre,École Militaire de Paris,Paris,,Diploma,,2001.0
20251,Perkins,Rick,Saint Mary's University,,Business Administration,Master,M.B.A.,
18640,Petitclerc,Chantal,University of Alberta,,History,Unknown,,
18463,Petitpas Taylor,Ginette,University of Moncton,Edmundston,Social Work,Bachelor,B.A,
20298,Petten,Iris G.,Memorial Univerisity of Newfoundland,St. John's,Vocational Education,Bachelor,B.A.,
20298,Petten,Iris G.,Memorial Univerisity of Newfoundland,St. John's,Vocational Education,Master,M.A.,
20298,Petten,Iris G.,Memorial Univerisity of Newfoundland,St. John's,Laws,Honorary doctorate,,
13090,Plamondon,Louis,Laval University,,Pedagogy,Bachelor,B.A,
13090,Plamondon,Louis,Montreal University,Montreal,Animation,Certificate,,
4319,Plett,Donald Neil,Collegiate studies,,Unknown,Unknown,,
16312,Poilievre,Pierre,University of Calgary,,International Relations,Bachelor,B.A,
10620,Poirier,Rose-May,High School,,Unknown,Unknown,,
20159,Powlowski,Marcus,University of Toronto,Toronto,Biochemistry,Bachelor,B.Sc.,1982.0
20159,Powlowski,Marcus,University of Toronto,Toronto,Medicine,Doctor of medicine,M.D.,1986.0
20159,Powlowski,Marcus,University of Toronto,Toronto,Laws,Bachelor,LL.B.,1997.0
20159,Powlowski,Marcus,Harvard University,Cambridge,Public Health,Master,M.P.H,2004.0
20159,Powlowski,Marcus,Georgetown University,Washington,Laws,Master,LL.M.,2008.0
20306,Prosper,Paul J.,Dalhousie University,Halifax,Laws,Bachelor,,
20306,Prosper,Paul J.,Cape Breton University,Cape Breton,Arts,Bachelor,,
20134,Qaqqaq,Mumilaaq,Sir Sandford Fleming College,Peterborough,Business Administration,Diploma,,2019.0
20134,Qaqqaq,Mumilaaq,Algonquin College,Ottawa,Business Administration,,,
18436,Qualtrough,Carla,University of Ottawa,Ottawa,Political Science,Degree,,
18436,Qualtrough,Carla,University of Victoria,Victoria,Laws,Degree,,
20201,Quinn,Jim,Dalhousie University,Halifax,Science,Bachelor,B.Sc.,
1747,Ratansi,Yasmin,Unknown,,Accounting,Certificate,,
20019,Ravalia,Mohamed-Iqbal,University of Rhodesia,Harare,Medicine,Bachelor,,1990.0
20019,Ravalia,Mohamed-Iqbal,University of Rhodesia,Harare,Surgery,Bachelor,,1990.0
18589,Rayes,Alain,Unknown,,Teaching,Bachelor,B.A,1994.0
18589,Rayes,Alain,Unknown,,School Administration,Master,M.A.,2006.0
20148,Redekopp,Brad,University of Saskatchewan,Saskatoon,Commerce,Bachelor,B.Comm.,
1127,Regan,Geoff,St. Francis Xavier University,Antigonish,Arts,Bachelor,B.A,1980.0
1127,Regan,Geoff,Dalhousie University,Halifax,Laws,Bachelor,B.A,1983.0
7259,Reid,Scott,Carleton University,Ottawa,Russian History,Master,M.A.,
7259,Reid,Scott,Carleton University,Ottawa,Political Science,Bachelor,B.A,
17843,Rempel Garner,Michelle,University of Manitoba,Winnipeg,Economics,Bachelor,B.A,
17252,Richards,Blake,University of Calgary,,Political Science,Bachelor,B.A,1999.0
18791,Richards,David Adams,St. Thomas University,Fredericton,Unknown,Unknown,,
4568,Ringuette,Pierrette,University of Ottawa,Ottawa,Business Administration,Master,M.A.,2000.0
4568,Ringuette,Pierrette,University of Moncton,Edmundston,Arts,Bachelor,B.A,
4568,Ringuette,Pierrette,Laval University,,Industrial Relations,Master,M.A.,
18577,Robillard,Yves,Unknown,,Human Relations,Bachelor,B.A,
18577,Robillard,Yves,Unknown,,Teaching,Degree,,
18577,Robillard,Yves,Unknown,,Recreation Techniques,Diploma,,
18577,Robillard,Yves,Unknown,,Pedagogy,Diploma,,
20328,Robinson,Mary,Acadia University,Wolfville,Economics and Commerce,Bachelor,B.A,
8374,Rodriguez,Pablo,Sherbrooke University,Sherbrooke,Business Administration,Bachelor,B.A,
20007,Rogers,Churence,Memorial Univerisity of Newfoundland,St. John's,Elementary Education and Teaching,Bachelor,B.Ed.,1974.0
18573,Romanado,Sherry,McGill University,Montreal,Public Relations,Certificate,,2005.0
18573,Romanado,Sherry,Concordia University,Montreal,Business Administration,Master,M.A.,2011.0
20122,Rood,Lianne,University of Windsor,Windsor,Criminology,Honours Bachelor,Hons. BA,2003.0
20313,Ross,Krista,New Brunswick Community College,Moncton,Marketing Management,Diploma,,1987.0
9445,Rota,Anthony,Wilfrid Laurier University,,Political Science,Bachelor,B.A,
9445,Rota,Anthony,University of Ottawa,Ottawa,Business Administration,Master,M.A.,
9445,Rota,Anthony,Algonquin College,Ottawa,Finance,Diploma,,
20091,Ruff,Alex,Royal Military College of Canada,Kingston,Space Science,Honours Bachelor,Hons. BA,1997.0
20094,Sahota,Jag,University of Calgary,Calgary,Psychology and Political Science,Bachelor,B.A (Dist.),2003.0
20094,Sahota,Jag,University of Calgary,Calgary,Laws,J.D.,,2007.0
18486,Sahota,Ruby,McMaster University,Hamilton,Peace Studies,Bachelor,B.A,2003.0
18486,Sahota,Ruby,Western Michigan University,,Laws,Doctorate,Dr,2007.0
18486,Sahota,Ruby,McMaster University,Hamilton,Political Science,Bachelor,B.A,
18508,Saini,Raj,University of Toronto,Toronto,Pharmacy,Bachelor,B.A,
18508,Saini,Raj,Boston's Northeastern University,,Pharmacy,Bachelor,B.A,
15998,Saint-Germain,Raymonde,Laval University,,Journalism,Bachelor,B.A,
15998,Saint-Germain,Raymonde,Osgoode Hall Law School,,Ombudsman,Certificate,,
15998,Saint-Germain,Raymonde,ÉNA École nationale d'administration,Paris,Administration,Unknown,,
20188,Saks,Ya'ara,McGill University,Montreal,Political Science,Undergraduate Studies,,
20188,Saks,Ya'ara,Hebrew University of Jerusalem,Jerusalem,International Relations,Master,M.A.,
18475,Samson,Darrell,University of Moncton,Edmundston,School Administration,Master,M.A.,
18475,Samson,Darrell,University of Moncton,Edmundston,Education,Bachelor,B.A,
18484,Sangha,Ramesh,University of Windsor,Windsor,Unknown,Degree,,
18448,Sarai,Randeep,University of British Columbia,,Arts,Bachelor,B.A,1998.0
18448,Sarai,Randeep,Queen's University,,Laws,Bachelor,B.A,2001.0
18448,Sarai,Randeep,University of British Columbia,,Real Estate,Unknown,,
20145,Savard-Tremblay,Simon-Pierre,Montreal University,Montreal,Political Science,Bachelor,Bachelor’s Degree,2010.0
20145,Savard-Tremblay,Simon-Pierre,University of Quebec at Montréal,Montreal,Sociology,Master,M.A.,2014.0
20145,Savard-Tremblay,Simon-Pierre,École des Hautes Études en Sciences sociales,Paris,,Doctorate,PhD,2018.0
12434,Scarpaleggia,Francis,McGill University,Montreal,Economics,Bachelor,B.A,1979.0
12434,Scarpaleggia,Francis,Columbia University,New York,Economics,Master,M.A.,1981.0
12434,Scarpaleggia,Francis,Concordia University,Montreal,Business Administration,Master,M.A.,1984.0
9276,Scheer,Andrew,University of Regina,Regina,History,Bachelor,B.A,
9276,Scheer,Andrew,University of Ottawa,Ottawa,Political Science and History,Unknown,,
18599,Schiefke,Peter,Concordia University,Montreal,Political Science,Bachelor,B.A,2007.0
18599,Schiefke,Peter,McGill University,Montreal,Science,Master,M.A.,2010.0
18499,Schmale,Jamie,Loyalist College,,Broadcasting,Degree,,
18507,Schulte,Deborah,Princeton University,,Aeronautical Engineer,Degree,,
17866,Seeback,Kyle,University of Nebraska-Lincoln,Lincoln,Political Science,Bachelor,B.A,1995.0
17866,Seeback,Kyle,University of Western Ontario,London,Laws,Bachelor,B.A,1998.0
17414,Seidman,Judith,McGill University,Montreal,English Literature,Bachelor,B.A,1971.0
17414,Seidman,Judith,McGill University,Montreal,Social Work,Bachelor,B.A,1980.0
17414,Seidman,Judith,McGill University,Montreal,Social Work,Master,M.A.,1982.0
17414,Seidman,Judith,McGill University,Montreal,Epidemiology and Biostatistics,Doctorate,Dr,1988.0
20318,Senior,Paulette,York University,Toronto,Psychology,Bachelor,,
20318,Senior,Paulette,University of Lethbridge,Lethbridge,Laws,Honorary doctorate,,
18521,Serré,Marc G.,Laurentian University,Sudbury,Commerce,Bachelor,B.A,1990.0
18559,Shanahan,Brenda,University of Quebec at Chicoutimi,Chicoutimi,History,Bachelor,B.A,1981.0
18559,Shanahan,Brenda,Concordia University,Montreal,Business Administration,Master,M.A.,1987.0
18559,Shanahan,Brenda,McGill University,Montreal,Social Work,Bachelor,B.A,2007.0
18534,Sheehan,Terry,Lake Superior State University,,Political Science,Unknown,,
17235,Shugart,Ian,University of Toronto,Toronto,Political Economy,Bachelor,,
20089,Sidhu,Maninder,University of Waterloo,Waterloo,,,,
18487,Sidhu,Sonia,The Michener Institute,,Diabetes Educator,Certificate,,
18487,Sidhu,Sonia,Unknown,,Arts,Bachelor,B.A,
18517,Sikand,Gagan,Unknown,Unknown,Laws,Unknown,,
20113,Simard,Mario,University of Quebec at Chicoutimi,Chicoutimi,Political Science,Bachelor,B.A,
20113,Simard,Mario,University of Ottawa,Ottawa,Political Science,Master,M.A.,
20113,Simard,Mario,University of Paris X Nanterre,Nanterre,Philosophy,Doctorate,Ph.D,
6670,Simms,Scott,Mount Allison University,,Commerce,Bachelor,B.A,1991.0
6670,Simms,Scott,Loyalist College,,Journalism,Diploma,,1993.0
20047,Simons,Paula,University of Alberta,Edmonton,English,Honours Bachelor,Hons. BA,1986.0
20047,Simons,Paula,Stanford University,Palo Alto,Journalism,Master,M.A.,1987.0
20047,Simons,Paula,Poynter Institute for Media Studies,St. Petersburg,Media Management,Post-graduate studies,,
18638,Sinclair,Murray,University of Winnipeg,Winnipeg,Sociology,Unknown,,1975.0
18638,Sinclair,Murray,University of Manitoba,Winnipeg,Laws,Degree,,1979.0
20255,Sinclair-Desgagné,Nathalie,University of Oxford,,Economic Science,Master,,
20255,Sinclair-Desgagné,Nathalie,McGill University,,Economic Science,Bachelor,,
18796,Singh,Jagmeet,University of Western Ontario,London,Biology,Bachelor,B.A,2001.0
18796,Singh,Jagmeet,York University,Toronto,Laws,Bachelor,B.A,2005.0
20111,Sloan,Derek,Queen's University,Kingston,Laws,J.D.,J.D.,2017.0
17826,Smith,Larry W.,Bishop's University,Lennoxville,Economic Science,Bachelor,B.A,1972.0
17826,Smith,Larry W.,McGill University,Montreal,Civil Law,Bachelor,B.A,1976.0
18545,Sorbara,Francesco,University of Toronto,Toronto,Economics,Master,M.A.,1997.0
18545,Sorbara,Francesco,Simon Fraser University,,Economics,Bachelor,B.A,
20209,Sorensen,Karen,University of Guelph,Guelph,Geography,Bachelor,B.A,
20169,Soroka,Gerald,Grand Trunk Senior High School,Evansburg,GED,Diploma,,1984.0
20290,Sousa,Charles,Wilfrid Laurier University,Waterloo,Business Administration,Degree,,1982.0
18516,Spengemann,Sven,University of Toronto,Toronto,Psychology,Bachelor,B.Sc.,1990.0
18516,Spengemann,Sven,Osgoode Hall Law School,,Laws,Bachelor,LL.B.,1998.0
18516,Spengemann,Sven,College of Europe (Belgium),Bruges,Laws,Master,LL.M.,1999.0
18516,Spengemann,Sven,Harvard Law School,,Laws,Master,LL.M.,2001.0
18516,Spengemann,Sven,Harvard Law School,,Political and constitutional theory,Doctorate,Ph.D.,2006.0
11535,Stanton,Bruce,Ryerson University,Toronto,Unknown,Degree,,
18566,Ste-Marie,Gabriel,University of Quebec at Montréal,Montreal,Economic Science,Bachelor,B.A,2002.0
18566,Ste-Marie,Gabriel,University of Quebec at Montréal,Montreal,Economic Science,Master,M.A.,2004.0
18566,Ste-Marie,Gabriel,University of Quebec at Trois-Rivières,Trois-Rivières,Quebec Studies,Doctorate,Dr,2008.0
20141,Steinley,Warren,University of Regina,Regina,Political Science,Honours Bachelor,Hons. BA,
20141,Steinley,Warren,Johnson Shoyama Graduate School of Public Policy,Saskatoon,Public Administration,Master,M.A.,
20240,Stewart,Jake,St. Thomas University,Fredericton,Sociology,Bachelor,Bachelor’s Degree,2003.0
20240,Stewart,Jake,University of Maine,,Education,,,
17416,Stewart Olsen,Carolyn,Collegiate studies,,Nursing,Diploma,,
18425,Stubbs,Shannon,University of Alberta,,Political Science,Bachelor,B.A,
2114,Sweet,David,Tyndale University,Toronto,Theology,Unknown,,
18509,Tabbara,Marwan,University of Guelph,,Political Science and Government,Bachelor,B.A,2014.0
18150,Tannas,Scott,Mount Royal College,,Unknown,Unknown,,
18150,Tannas,Scott,University of Calgary,,Unknown,Unknown,,
18502,Tassi,Filomena,University of Western Ontario,London,Laws,Bachelor,B.A,1986.0
18502,Tassi,Filomena,University of Waterloo,Waterloo,Philosophy,Degree,,
18502,Tassi,Filomena,University of Waterloo,Waterloo,Religious Education,Master,M.A.,
20120,Therrien,Alain,University of Quebec at Montréal,Montreal,Economic Science,Bachelor,Bachelor’s Degree,1989.0
20120,Therrien,Alain,University of Quebec at Montréal,Montreal,Economic Science,Master,M.A.,1994.0
18426,Thomas,Rachael,University of Lethbridge,Lethbridge,Education,Bachelor,B.A,
18426,Thomas,Rachael,University of Lethbridge,Lethbridge,Social Science,Bachelor,B.A,
18581,Thériault,Luc,University of Quebec at Montréal,Montreal,Philosophy,Bachelor,B.A,1984.0
18581,Thériault,Luc,University of Quebec at Montréal,Montreal,Philosophy,Master,M.A.,1988.0
18581,Thériault,Luc,Montreal University,Montreal,Bioethics,Diploma,,2002.0
12024,Tkachuk,David,University of Saskatchewan,Saskatoon,Arts,Bachelor,B.A,1965.0
12024,Tkachuk,David,College of Education,Saskatoon,Teaching,Diploma,,1966.0
20149,Tochor,Corey,University of Saskatchewan,,Commerce,,,
20243,Tolmie,Fraser,University of London,London,War Studies,,,
17300,Trudeau,Justin,University of British Columbia,,Education,Bachelor,B.A,
17300,Trudeau,Justin,McGill University,Montreal,English Literature,Bachelor,B.A,
20127,Trudel,Denis,National Theatre School,Montreal,,Diploma,,1987.0
20166,Turnbull,Ryan,Carleton University,Ottawa,Philosophy,Honours Bachelor,Hons. BA,2001.0
20166,Turnbull,Ryan,Carleton University,Ottawa,Philosophy,Master,M.A.,2004.0
17247,Uppal,Tim,University of Western Ontario,London,,EMBA,EMBA,2017.0
20123,Van Popta,Tako,University of British Columbia,,Laws,Bachelor,,1989.0
20123,Van Popta,Tako,Trinity Western University,Langley,,Bachelor,B.A,
18454,Vandal,Daniel,University of Manitoba,Winnipeg,Social Work,Bachelor,B.A,
18527,Vandenbeld,Anita,University of Calgary,,History and Political Science,Bachelor,B.A,1994.0
18527,Vandenbeld,Anita,York University,Toronto,Political and Constitutional history,Master,M.A.,1996.0
18527,Vandenbeld,Anita,University of Calgary,,History and Political Science,Post-graduate studies,,1998.0
20317,Varone,Toni,York University,Toronto,Arts,Bachelor,,
18494,Vecchio,Karen,Georgian College,Barrie,Dentistry,Diploma,,
18494,Vecchio,Karen,University of Western Ontario,London,Unknown,Unknown,,
20102,Vidal,Gary,University of Saskatchewan,,,,,
20102,Vidal,Gary,Briercrest College,,,,,
18427,Viersen,Arnold,Unknown,,Automotive Technician Journeyman,Degree,,2008.0
18427,Viersen,Arnold,University College of the Fraser Valley,Abbotsford,Business,Degree,,
20267,Villemure,René,Sherbrooke University,,Philosophy,Master,,2000.0
18528,Virani,Arif,McGill University,Montreal,History and Political Science,Bachelor,B.A,1994.0
18528,Virani,Arif,University of Toronto,Toronto,Laws,Bachelor,B.A,1998.0
20130,Vis,Brad,University of British Columbia,,Political Science,Bachelor,B.A,
20130,Vis,Brad,Carleton University,Ottawa,Political Science,Master,M.A.,
20265,Vuong,Kevin,University of Toronto,,Laws,Master,LL.M.,
20265,Vuong,Kevin,University of Western Ontario,,Management,Bachelor,,
18607,Wagantall,Cathay,University of Saskatchewan,Saskatoon,Physical Education,Unknown,,
17344,Wallin,Pamela,University of Regina,Regina,Psychology and Political Science,Bachelor,B.A,1973.0
11164,Warkentin,Chris,Grande Prairie Regional College,Grande Prairie,Business Administration,Diploma,,2001.0
18414,Webber,Len,University of Calgary,,Commerce,Bachelor,B.A,
18414,Webber,Len,Technical School,,Electricity,Certificate,,
20165,Weiler,Patrick,McGill University,Montreal,History,Bachelor,B.A,2008.0
20165,Weiler,Patrick,University of British Columbia,,Laws,J.D.,J.D.,2012.0
20165,Weiler,Patrick,Lund University,,International Law,,,
18715,Wetston,Howard,Mount Allison University,Sackville,Science,Bachelor,B.A,
18715,Wetston,Howard,Dalhousie University,Halifax,Laws,Bachelor,B.A,
20307,White,Judy A.,Dalhousie University,Halifax,Laws,Bachelor,,
20307,White,Judy A.,York University,Toronto,Indigenous Governance,,,
20307,White,Judy A.,Harvard Business School,Boston,Leadership,Certificate,,
20307,White,Judy A.,McMaster University,Hamilton,Administration,,,
18037,White,Vernon,College of Cape Breton,Cape Breton,Business Administration,Diploma,,1979.0
18037,White,Vernon,Acadia University,Wolfville,Sociology and Psychology,Bachelor,B.A,1998.0
18037,White,Vernon,Royal Roads University,Victoria,Conflict Analysis and Management,Master,M.A.,2001.0
18037,White,Vernon,Australian Graduate School of Policing,,Police Leadership,Post-graduate studies,,
18444,Wilkinson,Jonathan,University of Oxford,Oxford,International Relations,Master,M.A.,
18444,Wilkinson,Jonathan,University of Saskatchewan,Saskatoon,Arts,Bachelor,B.A,
18444,Wilkinson,Jonathan,McGill University,Montreal,Economics,Master,M.A.,
17859,Williamson,John,McGill University,Montreal,Arts,Bachelor,B.A,1993.0
17859,Williamson,John,London School of Economics and Political Science,London,Economic History,Master,M.Sc.,2009.0
18449,Wilson-Raybould,Jody,University of British Columbia,,Laws,Degree,,
18449,Wilson-Raybould,Jody,University of Victoria,Victoria,Political Science and History,Bachelor,B.A,
17255,Wong,Alice,University of Leeds,Leeds,Teaching,Diploma,,1974.0
17255,Wong,Alice,University of British Columbia,,Education,Bachelor,B.A,1982.0
17255,Wong,Alice,University of British Columbia,,Education,Master,M.A.,1986.0
17255,Wong,Alice,University of British Columbia,,Curriculum and Instruction,Doctorate,Dr,1993.0
18700,Woo,Yuen Pau,University of Cambridge,Cambridge,Unknown,Unknown,,
18700,Woo,Yuen Pau,University of London,London,Unknown,Unknown,,
20006,Yip,Jean,University of Toronto,,,Degree,,
18511,Young,Kate,Fanshawe College,London,Broadcasting,Diploma,,
18279,Yurdiga,David,Northern Alberta Institute of Technology,,Mineral Technology,Diploma,,1984.0
20200,Yussuff,Hassan ,Brock University,St. Catherines,Laws,Honorary doctorate,,
20200,Yussuff,Hassan ,Ryerson University,Toronto,Laws,Honorary doctorate,,
18535,Zahid,Salma,Quaid-e-Azam University (Pakistan),,Business Administration,Master,M.A.,1992.0
18535,Zahid,Salma,University of London,London,Educational Administration,Master,M.A.,1995.0
20099,Zann,Lenore,York University,Toronto,,,,
20248,Zarrillo,Bonita,University of Manitoba,Winnipeg,Sociology,Degree,,
17951,Zimmer,Bob,Trinity Western University,,Human Kinetics,Bachelor,B.A,2003.0
17951,Zimmer,Bob,University of British Columbia,,Education,Bachelor,B.A,2004.0
20138,Zuberi,Sameer,Concordia University,Montreal,Mathematics,Bachelor,B.A,
20138,Zuberi,Sameer,University of Quebec at Montréal,Montreal,Laws,Bachelor,LL.B.,
20164,d'Entremont,Chris,Saint Mary's University,Halifax,Business,,,1990.0
20164,d'Entremont,Chris,Loyalist College,Belleville,Broadcasting,,,1992.0
20129,van Koeverden,Adam,McMaster University,Hamilton,Kinesiology,Bachelor,B.A,2007.0

